2023-03-01T17:10:53.353579Z,POST,1522,201
2023-03-01T17:10:54.875871Z,POST,761,201
2023-03-01T17:10:55.637805Z,POST,636,201
2023-03-01T17:10:56.274793Z,POST,380,201
2023-03-01T17:10:56.655603Z,POST,743,201
2023-03-01T17:10:57.398723Z,POST,297,201
2023-03-01T17:10:57.696382Z,POST,861,201
2023-03-01T17:10:58.557932Z,POST,713,201
2023-03-01T17:10:59.271582Z,POST,227,201
2023-03-01T17:10:59.499368Z,POST,989,201
2023-03-01T17:10:53.353668Z,POST,2091,201
2023-03-01T17:10:55.445629Z,POST,530,201
2023-03-01T17:10:55.975831Z,POST,578,201
2023-03-01T17:10:56.553928Z,POST,734,201
2023-03-01T17:10:57.288068Z,POST,1324,201
2023-03-01T17:10:58.612502Z,POST,667,201
2023-03-01T17:10:59.279855Z,POST,216,201
2023-03-01T17:10:59.495987Z,POST,992,201
2023-03-01T17:11:00.488349Z,POST,820,201
2023-03-01T17:11:01.308944Z,POST,194,201
2023-03-01T17:10:53.353766Z,POST,1888,201
2023-03-01T17:10:55.242717Z,POST,584,201
2023-03-01T17:10:55.827065Z,POST,627,201
2023-03-01T17:10:56.454578Z,POST,311,201
2023-03-01T17:10:56.765892Z,POST,734,201
2023-03-01T17:10:57.500120Z,POST,840,201
2023-03-01T17:10:58.340792Z,POST,248,201
2023-03-01T17:10:58.589566Z,POST,696,201
2023-03-01T17:10:59.285935Z,POST,1328,201
2023-03-01T17:11:00.614352Z,POST,796,201
2023-03-01T17:10:53.353905Z,POST,2253,201
2023-03-01T17:10:55.607778Z,POST,1002,201
2023-03-01T17:10:56.609886Z,POST,780,201
2023-03-01T17:10:57.390700Z,POST,223,201
2023-03-01T17:10:57.614068Z,POST,838,201
2023-03-01T17:10:58.452380Z,POST,301,201
2023-03-01T17:10:58.753639Z,POST,729,201
2023-03-01T17:10:59.482868Z,POST,819,201
2023-03-01T17:11:00.302901Z,POST,2036,201
2023-03-01T17:11:02.339670Z,POST,100,201
2023-03-01T17:10:53.353992Z,POST,1325,201
2023-03-01T17:10:54.679088Z,POST,905,201
2023-03-01T17:10:55.584794Z,POST,689,201
2023-03-01T17:10:56.274790Z,POST,380,201
2023-03-01T17:10:56.655618Z,POST,734,201
2023-03-01T17:10:57.390191Z,POST,292,201
2023-03-01T17:10:57.682608Z,POST,763,201
2023-03-01T17:10:58.446216Z,POST,242,201
2023-03-01T17:10:58.689122Z,POST,705,201
2023-03-01T17:10:59.394693Z,POST,906,201
2023-03-01T17:10:53.354028Z,POST,1498,201
2023-03-01T17:10:54.852581Z,POST,785,201
2023-03-01T17:10:55.637805Z,POST,613,201
2023-03-01T17:10:56.251301Z,POST,319,201
2023-03-01T17:10:56.571048Z,POST,812,201
2023-03-01T17:10:57.383703Z,POST,225,201
2023-03-01T17:10:57.609459Z,POST,842,201
2023-03-01T17:10:58.452380Z,POST,277,201
2023-03-01T17:10:58.729815Z,POST,660,201
2023-03-01T17:10:59.390012Z,POST,209,201
2023-03-01T17:10:53.354108Z,POST,1398,201
2023-03-01T17:10:54.752776Z,POST,826,201
2023-03-01T17:10:55.579047Z,POST,696,201
2023-03-01T17:10:56.275319Z,POST,386,201
2023-03-01T17:10:56.662241Z,POST,736,201
2023-03-01T17:10:57.398506Z,POST,284,201
2023-03-01T17:10:57.682613Z,POST,769,201
2023-03-01T17:10:58.452012Z,POST,244,201
2023-03-01T17:10:58.696850Z,POST,693,201
2023-03-01T17:10:59.390082Z,POST,207,201
2023-03-01T17:10:53.354274Z,POST,2045,201
2023-03-01T17:10:55.399960Z,POST,530,201
2023-03-01T17:10:55.930265Z,POST,545,201
2023-03-01T17:10:56.475923Z,POST,812,201
2023-03-01T17:10:57.288254Z,POST,288,201
2023-03-01T17:10:57.576966Z,POST,763,201
2023-03-01T17:10:58.340009Z,POST,311,201
2023-03-01T17:10:58.651751Z,POST,723,201
2023-03-01T17:10:59.375058Z,POST,209,201
2023-03-01T17:10:59.585043Z,POST,1013,201
2023-03-01T17:10:53.354267Z,POST,1212,201
2023-03-01T17:10:54.567259Z,POST,967,201
2023-03-01T17:10:55.534730Z,POST,719,201
2023-03-01T17:10:56.254528Z,POST,324,201
2023-03-01T17:10:56.579564Z,POST,800,201
2023-03-01T17:10:57.380506Z,POST,228,201
2023-03-01T17:10:57.609500Z,POST,840,201
2023-03-01T17:10:58.450368Z,POST,137,201
2023-03-01T17:10:58.588093Z,POST,691,201
2023-03-01T17:10:59.279978Z,POST,215,201
2023-03-01T17:10:53.354467Z,POST,1851,201
2023-03-01T17:10:55.205716Z,POST,607,201
2023-03-01T17:10:55.813452Z,POST,563,201
2023-03-01T17:10:56.376762Z,POST,379,201
2023-03-01T17:10:56.756089Z,POST,728,201
2023-03-01T17:10:57.484663Z,POST,222,201
2023-03-01T17:10:57.707369Z,POST,849,201
2023-03-01T17:10:58.557092Z,POST,722,201
2023-03-01T17:10:59.279862Z,POST,227,201
2023-03-01T17:10:59.507094Z,POST,1016,201
2023-03-01T17:10:53.354629Z,POST,1947,201
2023-03-01T17:10:55.302632Z,POST,576,201
2023-03-01T17:10:55.879106Z,POST,583,201
2023-03-01T17:10:56.462776Z,POST,303,201
2023-03-01T17:10:56.765884Z,POST,733,201
2023-03-01T17:10:57.499709Z,POST,840,201
2023-03-01T17:10:58.340616Z,POST,249,201
2023-03-01T17:10:58.590037Z,POST,681,201
2023-03-01T17:10:59.271241Z,POST,224,201
2023-03-01T17:10:59.495639Z,POST,910,201
2023-03-01T17:10:53.354717Z,POST,1694,201
2023-03-01T17:10:55.049378Z,POST,660,201
2023-03-01T17:10:55.710388Z,POST,644,201
2023-03-01T17:10:56.355037Z,POST,300,201
2023-03-01T17:10:56.655524Z,POST,734,201
2023-03-01T17:10:57.390329Z,POST,275,201
2023-03-01T17:10:57.665716Z,POST,780,201
2023-03-01T17:10:58.446322Z,POST,250,201
2023-03-01T17:10:58.696822Z,POST,693,201
2023-03-01T17:10:59.390014Z,POST,912,201
2023-03-01T17:10:53.354869Z,POST,2179,201
2023-03-01T17:10:55.534700Z,POST,1026,201
2023-03-01T17:10:56.561644Z,POST,727,201
2023-03-01T17:10:57.289049Z,POST,322,201
2023-03-01T17:10:57.611469Z,POST,841,201
2023-03-01T17:10:58.453477Z,POST,299,201
2023-03-01T17:10:58.752710Z,POST,730,201
2023-03-01T17:10:59.482963Z,POST,819,201
2023-03-01T17:11:00.302246Z,POST,297,201
2023-03-01T17:11:00.600214Z,POST,707,201
2023-03-01T17:10:53.355001Z,POST,1293,201
2023-03-01T17:10:54.648962Z,POST,892,201
2023-03-01T17:10:55.541949Z,POST,489,201
2023-03-01T17:10:56.031404Z,POST,528,201
2023-03-01T17:10:56.559599Z,POST,729,201
2023-03-01T17:10:57.289343Z,POST,286,201
2023-03-01T17:10:57.575572Z,POST,764,201
2023-03-01T17:10:58.340504Z,POST,254,201
2023-03-01T17:10:58.595205Z,POST,671,201
2023-03-01T17:10:59.267201Z,POST,216,201
2023-03-01T17:10:53.355203Z,POST,1687,201
2023-03-01T17:10:55.042926Z,POST,647,201
2023-03-01T17:10:55.690215Z,POST,665,201
2023-03-01T17:10:56.355793Z,POST,306,201
2023-03-01T17:10:56.662270Z,POST,736,201
2023-03-01T17:10:57.398782Z,POST,284,201
2023-03-01T17:10:57.683568Z,POST,871,201
2023-03-01T17:10:58.555357Z,POST,724,201
2023-03-01T17:10:59.279949Z,POST,227,201
2023-03-01T17:10:59.507086Z,POST,1016,201
2023-03-01T17:10:53.355367Z,POST,1922,201
2023-03-01T17:10:55.277981Z,POST,563,201
2023-03-01T17:10:55.841146Z,POST,613,201
2023-03-01T17:10:56.454604Z,POST,302,201
2023-03-01T17:10:56.757295Z,POST,742,201
2023-03-01T17:10:57.500166Z,POST,840,201
2023-03-01T17:10:58.340704Z,POST,1218,201
2023-03-01T17:10:59.558960Z,POST,958,201
2023-03-01T17:11:00.517320Z,POST,790,201
2023-03-01T17:11:01.307997Z,POST,115,201
2023-03-01T17:10:53.355483Z,POST,1779,201
2023-03-01T17:10:55.135498Z,POST,606,201
2023-03-01T17:10:55.742572Z,POST,627,201
2023-03-01T17:10:56.369779Z,POST,312,201
2023-03-01T17:10:56.682547Z,POST,794,201
2023-03-01T17:10:57.476776Z,POST,863,201
2023-03-01T17:10:58.340403Z,POST,1243,201
2023-03-01T17:10:59.583575Z,POST,982,201
2023-03-01T17:11:00.566316Z,POST,741,201
2023-03-01T17:11:01.307656Z,POST,194,201
2023-03-01T17:10:53.355660Z,POST,2132,201
2023-03-01T17:10:55.488318Z,POST,514,201
2023-03-01T17:10:56.002565Z,POST,558,201
2023-03-01T17:10:56.560780Z,POST,727,201
2023-03-01T17:10:57.288743Z,POST,321,201
2023-03-01T17:10:57.610451Z,POST,839,201
2023-03-01T17:10:58.449549Z,POST,247,201
2023-03-01T17:10:58.697099Z,POST,692,201
2023-03-01T17:10:59.390053Z,POST,208,201
2023-03-01T17:10:59.598256Z,POST,1000,201
2023-03-01T17:10:53.355818Z,POST,1990,201
2023-03-01T17:10:55.346524Z,POST,563,201
2023-03-01T17:10:55.909711Z,POST,558,201
2023-03-01T17:10:56.467896Z,POST,303,201
2023-03-01T17:10:56.771139Z,POST,732,201
2023-03-01T17:10:57.503550Z,POST,836,201
2023-03-01T17:10:58.339683Z,POST,305,201
2023-03-01T17:10:58.645354Z,POST,729,201
2023-03-01T17:10:59.375110Z,POST,208,201
2023-03-01T17:10:59.583479Z,POST,940,201
2023-03-01T17:10:53.356020Z,POST,1621,201
2023-03-01T17:10:54.977891Z,POST,704,201
2023-03-01T17:10:55.682890Z,POST,568,201
2023-03-01T17:10:56.251230Z,POST,317,201
2023-03-01T17:10:56.568896Z,POST,720,201
2023-03-01T17:10:57.289656Z,POST,319,201
2023-03-01T17:10:57.609577Z,POST,830,201
2023-03-01T17:10:58.440534Z,POST,219,201
2023-03-01T17:10:58.660536Z,POST,714,201
2023-03-01T17:10:59.375158Z,POST,208,201
2023-03-01T17:10:53.356168Z,POST,1881,201
2023-03-01T17:10:55.237785Z,POST,588,201
2023-03-01T17:10:55.826597Z,POST,626,201
2023-03-01T17:10:56.452933Z,POST,304,201
2023-03-01T17:10:56.757003Z,POST,731,201
2023-03-01T17:10:57.488799Z,POST,851,201
2023-03-01T17:10:58.340730Z,POST,251,201
2023-03-01T17:10:58.591954Z,POST,693,201
2023-03-01T17:10:59.285766Z,POST,1333,201
2023-03-01T17:11:00.619175Z,POST,795,201
2023-03-01T17:10:53.356316Z,POST,2081,201
2023-03-01T17:10:55.437663Z,POST,506,201
2023-03-01T17:10:55.944490Z,POST,609,201
2023-03-01T17:10:56.553928Z,POST,735,201
2023-03-01T17:10:57.289200Z,POST,299,201
2023-03-01T17:10:57.589181Z,POST,857,201
2023-03-01T17:10:58.446647Z,POST,250,201
2023-03-01T17:10:58.696969Z,POST,697,201
2023-03-01T17:10:59.394693Z,POST,908,201
2023-03-01T17:11:00.302833Z,POST,306,201
2023-03-01T17:10:53.356457Z,POST,1594,201
2023-03-01T17:10:54.950556Z,POST,692,201
2023-03-01T17:10:55.643487Z,POST,633,201
2023-03-01T17:10:56.276906Z,POST,376,201
2023-03-01T17:10:56.653832Z,POST,744,201
2023-03-01T17:10:57.398117Z,POST,312,201
2023-03-01T17:10:57.711186Z,POST,847,201
2023-03-01T17:10:58.558514Z,POST,708,201
2023-03-01T17:10:59.267284Z,POST,215,201
2023-03-01T17:10:59.482868Z,POST,817,201
2023-03-01T17:10:53.356574Z,POST,1792,201
2023-03-01T17:10:55.149608Z,POST,629,201
2023-03-01T17:10:55.778912Z,POST,598,201
2023-03-01T17:10:56.377805Z,POST,338,201
2023-03-01T17:10:56.716422Z,POST,766,201
2023-03-01T17:10:57.483444Z,POST,856,201
2023-03-01T17:10:58.340282Z,POST,320,201
2023-03-01T17:10:58.660820Z,POST,714,201
2023-03-01T17:10:59.375118Z,POST,210,201
2023-03-01T17:10:59.585415Z,POST,1006,201
2023-03-01T17:10:53.356691Z,POST,1414,201
2023-03-01T17:10:54.771681Z,POST,1503,201
2023-03-01T17:10:56.274761Z,POST,1296,201
2023-03-01T17:10:57.571363Z,POST,768,201
2023-03-01T17:10:58.339731Z,POST,252,201
2023-03-01T17:10:58.591953Z,POST,675,201
2023-03-01T17:10:59.267473Z,POST,227,201
2023-03-01T17:10:59.495533Z,POST,1018,201
2023-03-01T17:11:00.514374Z,POST,794,201
2023-03-01T17:11:01.308892Z,POST,112,201
2023-03-01T17:10:53.356813Z,POST,1721,201
2023-03-01T17:10:55.078852Z,POST,649,201
2023-03-01T17:10:55.728831Z,POST,626,201
2023-03-01T17:10:56.355036Z,POST,312,201
2023-03-01T17:10:56.667975Z,POST,807,201
2023-03-01T17:10:57.475965Z,POST,235,201
2023-03-01T17:10:57.711248Z,POST,847,201
2023-03-01T17:10:58.558964Z,POST,720,201
2023-03-01T17:10:59.279894Z,POST,219,201
2023-03-01T17:10:59.499368Z,POST,989,201
2023-03-01T17:10:53.356934Z,POST,1980,201
2023-03-01T17:10:55.337589Z,POST,554,201
2023-03-01T17:10:55.892613Z,POST,577,201
2023-03-01T17:10:56.470099Z,POST,817,201
2023-03-01T17:10:57.288034Z,POST,297,201
2023-03-01T17:10:57.585498Z,POST,854,201
2023-03-01T17:10:58.440534Z,POST,224,201
2023-03-01T17:10:58.664606Z,POST,831,201
2023-03-01T17:10:59.495699Z,POST,992,201
2023-03-01T17:11:00.488517Z,POST,819,201
2023-03-01T17:10:53.357099Z,POST,2126,201
2023-03-01T17:10:55.484059Z,POST,518,201
2023-03-01T17:10:56.002598Z,POST,552,201
2023-03-01T17:10:56.555566Z,POST,732,201
2023-03-01T17:10:57.288118Z,POST,296,201
2023-03-01T17:10:57.584177Z,POST,861,201
2023-03-01T17:10:58.446245Z,POST,206,201
2023-03-01T17:10:58.652906Z,POST,722,201
2023-03-01T17:10:59.375510Z,POST,210,201
2023-03-01T17:10:59.585544Z,POST,1006,201
2023-03-01T17:10:53.357237Z,POST,2026,201
2023-03-01T17:10:55.383581Z,POST,546,201
2023-03-01T17:10:55.930265Z,POST,546,201
2023-03-01T17:10:56.477192Z,POST,811,201
2023-03-01T17:10:57.288733Z,POST,1266,201
2023-03-01T17:10:58.555357Z,POST,712,201
2023-03-01T17:10:59.267557Z,POST,122,201
2023-03-01T17:10:59.390012Z,POST,208,201
2023-03-01T17:10:59.598256Z,POST,1008,201
2023-03-01T17:11:00.606304Z,POST,701,201
2023-03-01T17:10:53.357402Z,POST,1718,201
2023-03-01T17:10:55.075757Z,POST,660,201
2023-03-01T17:10:55.736128Z,POST,640,201
2023-03-01T17:10:56.376849Z,POST,380,201
2023-03-01T17:10:56.757529Z,POST,740,201
2023-03-01T17:10:57.498437Z,POST,846,201
2023-03-01T17:10:58.344923Z,POST,315,201
2023-03-01T17:10:58.660491Z,POST,729,201
2023-03-01T17:10:59.390061Z,POST,201,201
2023-03-01T17:10:59.591360Z,POST,1018,201
2023-03-01T17:10:53.357568Z,POST,1204,201
2023-03-01T17:10:54.565145Z,POST,1456,201
2023-03-01T17:10:56.021526Z,POST,1476,201
2023-03-01T17:10:57.498436Z,POST,841,201
2023-03-01T17:10:58.339731Z,POST,357,201
2023-03-01T17:10:58.697210Z,POST,697,201
2023-03-01T17:10:59.394674Z,POST,907,201
2023-03-01T17:11:00.302176Z,POST,321,201
2023-03-01T17:11:00.623463Z,POST,787,201
2023-03-01T17:11:01.411490Z,POST,110,201
2023-03-01T17:10:53.357643Z,POST,1821,201
2023-03-01T17:10:55.179184Z,POST,612,201
2023-03-01T17:10:55.792015Z,POST,577,201
2023-03-01T17:10:56.370028Z,POST,295,201
2023-03-01T17:10:56.665995Z,POST,732,201
2023-03-01T17:10:57.398103Z,POST,298,201
2023-03-01T17:10:57.696383Z,POST,862,201
2023-03-01T17:10:58.558935Z,POST,708,201
2023-03-01T17:10:59.267284Z,POST,215,201
2023-03-01T17:10:59.483037Z,POST,817,201
2023-03-01T17:10:59.484383Z,POST,817,201
2023-03-01T17:11:00.301781Z,POST,322,201
2023-03-01T17:11:00.624688Z,POST,796,201
2023-03-01T17:11:01.421019Z,POST,106,201
2023-03-01T17:11:01.527846Z,POST,811,201
2023-03-01T17:11:02.339747Z,POST,113,201
2023-03-01T17:11:02.453795Z,POST,97,201
2023-03-01T17:11:02.551229Z,POST,102,201
2023-03-01T17:11:02.654160Z,POST,604,201
2023-03-01T17:11:03.259105Z,POST,117,201
2023-03-01T17:10:59.484608Z,POST,817,201
2023-03-01T17:11:00.302232Z,POST,306,201
2023-03-01T17:11:00.608867Z,POST,790,201
2023-03-01T17:11:01.399808Z,POST,115,201
2023-03-01T17:11:01.515634Z,POST,826,201
2023-03-01T17:11:02.341796Z,POST,115,201
2023-03-01T17:11:02.457518Z,POST,113,201
2023-03-01T17:11:02.570587Z,POST,688,201
2023-03-01T17:11:03.259328Z,POST,115,201
2023-03-01T17:11:03.374869Z,POST,106,201
2023-03-01T17:10:59.484924Z,POST,912,201
2023-03-01T17:11:00.397584Z,POST,294,201
2023-03-01T17:11:00.691958Z,POST,729,201
2023-03-01T17:11:01.421062Z,POST,109,201
2023-03-01T17:11:01.530871Z,POST,808,201
2023-03-01T17:11:02.339398Z,POST,112,201
2023-03-01T17:11:02.451453Z,POST,119,201
2023-03-01T17:11:02.570849Z,POST,690,201
2023-03-01T17:11:03.261009Z,POST,113,201
2023-03-01T17:11:03.374707Z,POST,102,201
2023-03-01T17:10:59.485083Z,POST,817,201
2023-03-01T17:11:00.302807Z,POST,368,201
2023-03-01T17:11:00.671271Z,POST,751,201
2023-03-01T17:11:01.422791Z,POST,108,201
2023-03-01T17:11:01.531119Z,POST,808,201
2023-03-01T17:11:02.339157Z,POST,118,201
2023-03-01T17:11:02.457340Z,POST,112,201
2023-03-01T17:11:02.570206Z,POST,690,201
2023-03-01T17:11:03.260846Z,POST,113,201
2023-03-01T17:11:03.374673Z,POST,106,201
2023-03-01T17:10:59.485249Z,POST,817,201
2023-03-01T17:11:00.302375Z,POST,2036,201
2023-03-01T17:11:02.339276Z,POST,112,201
2023-03-01T17:11:02.451368Z,POST,110,201
2023-03-01T17:11:02.561746Z,POST,698,201
2023-03-01T17:11:03.260081Z,POST,117,201
2023-03-01T17:11:03.377841Z,POST,115,201
2023-03-01T17:11:03.492959Z,POST,107,201
2023-03-01T17:11:03.600092Z,POST,110,201
2023-03-01T17:11:03.710313Z,POST,109,201
2023-03-01T17:10:59.485495Z,POST,816,201
2023-03-01T17:11:00.301999Z,POST,319,201
2023-03-01T17:11:00.621264Z,POST,790,201
2023-03-01T17:11:01.411490Z,POST,110,201
2023-03-01T17:11:01.522306Z,POST,816,201
2023-03-01T17:11:02.338397Z,POST,115,201
2023-03-01T17:11:02.454129Z,POST,116,201
2023-03-01T17:11:02.570206Z,POST,688,201
2023-03-01T17:11:03.259138Z,POST,118,201
2023-03-01T17:11:03.377446Z,POST,115,201
2023-03-01T17:10:59.485649Z,POST,816,201
2023-03-01T17:11:00.302532Z,POST,319,201
2023-03-01T17:11:00.622490Z,POST,798,201
2023-03-01T17:11:01.421396Z,POST,109,201
2023-03-01T17:11:01.530819Z,POST,807,201
2023-03-01T17:11:02.338387Z,POST,115,201
2023-03-01T17:11:02.454128Z,POST,116,201
2023-03-01T17:11:02.570812Z,POST,688,201
2023-03-01T17:11:03.259105Z,POST,115,201
2023-03-01T17:11:03.374777Z,POST,106,201
2023-03-01T17:10:59.485848Z,POST,817,201
2023-03-01T17:11:00.302890Z,POST,1005,201
2023-03-01T17:11:01.308614Z,POST,114,201
2023-03-01T17:11:01.423255Z,POST,174,201
2023-03-01T17:11:01.598302Z,POST,740,201
2023-03-01T17:11:02.338676Z,POST,115,201
2023-03-01T17:11:02.454588Z,POST,96,201
2023-03-01T17:11:02.551229Z,POST,101,201
2023-03-01T17:11:02.652920Z,POST,607,201
2023-03-01T17:11:03.260634Z,POST,116,201
2023-03-01T17:10:59.486238Z,POST,999,201
2023-03-01T17:11:00.485709Z,POST,120,201
2023-03-01T17:11:00.606156Z,POST,703,201
2023-03-01T17:11:01.310051Z,POST,198,201
2023-03-01T17:11:01.508581Z,POST,831,201
2023-03-01T17:11:02.339714Z,POST,110,201
2023-03-01T17:11:02.450192Z,POST,100,201
2023-03-01T17:11:02.551229Z,POST,101,201
2023-03-01T17:11:02.652920Z,POST,607,201
2023-03-01T17:11:03.260875Z,POST,116,201
2023-03-01T17:10:59.486606Z,POST,815,201
2023-03-01T17:11:00.301756Z,POST,304,201
2023-03-01T17:11:00.606166Z,POST,702,201
2023-03-01T17:11:01.308532Z,POST,114,201
2023-03-01T17:11:01.423025Z,POST,107,201
2023-03-01T17:11:01.530871Z,POST,808,201
2023-03-01T17:11:02.338943Z,POST,111,201
2023-03-01T17:11:02.450123Z,POST,120,201
2023-03-01T17:11:02.570856Z,POST,689,201
2023-03-01T17:11:03.260362Z,POST,117,201
2023-03-01T17:10:59.487129Z,POST,904,201
2023-03-01T17:11:00.392181Z,POST,916,201
2023-03-01T17:11:01.308534Z,POST,106,201
2023-03-01T17:11:01.414591Z,POST,111,201
2023-03-01T17:11:01.525642Z,POST,812,201
2023-03-01T17:11:02.338395Z,POST,118,201
2023-03-01T17:11:02.457331Z,POST,113,201
2023-03-01T17:11:02.570395Z,POST,689,201
2023-03-01T17:11:03.260366Z,POST,116,201
2023-03-01T17:11:03.377094Z,POST,115,201
2023-03-01T17:10:59.487614Z,POST,1001,201
2023-03-01T17:11:00.488694Z,POST,820,201
2023-03-01T17:11:01.309181Z,POST,111,201
2023-03-01T17:11:01.420984Z,POST,106,201
2023-03-01T17:11:01.527768Z,POST,812,201
2023-03-01T17:11:02.340099Z,POST,110,201
2023-03-01T17:11:02.450626Z,POST,111,201
2023-03-01T17:11:02.561746Z,POST,699,201
2023-03-01T17:11:03.260865Z,POST,116,201
2023-03-01T17:11:03.377354Z,POST,115,201
2023-03-01T17:10:59.487899Z,POST,997,201
2023-03-01T17:11:00.485724Z,POST,824,201
2023-03-01T17:11:01.310066Z,POST,202,201
2023-03-01T17:11:01.512730Z,POST,826,201
2023-03-01T17:11:02.339671Z,POST,114,201
2023-03-01T17:11:02.454106Z,POST,116,201
2023-03-01T17:11:02.570531Z,POST,688,201
2023-03-01T17:11:03.259431Z,POST,105,201
2023-03-01T17:11:03.365075Z,POST,99,201
2023-03-01T17:11:03.465019Z,POST,106,201
2023-03-01T17:10:59.488387Z,POST,1000,201
2023-03-01T17:11:00.488528Z,POST,822,201
2023-03-01T17:11:01.312189Z,POST,192,201
2023-03-01T17:11:01.504600Z,POST,98,201
2023-03-01T17:11:01.602653Z,POST,736,201
2023-03-01T17:11:02.339459Z,POST,117,201
2023-03-01T17:11:02.457331Z,POST,113,201
2023-03-01T17:11:02.570409Z,POST,689,201
2023-03-01T17:11:03.260116Z,POST,103,201
2023-03-01T17:11:03.363411Z,POST,106,201
2023-03-01T17:10:59.488787Z,POST,916,201
2023-03-01T17:11:00.405416Z,POST,904,201
2023-03-01T17:11:01.309617Z,POST,113,201
2023-03-01T17:11:01.422926Z,POST,107,201
2023-03-01T17:11:01.530795Z,POST,807,201
2023-03-01T17:11:02.338655Z,POST,118,201
2023-03-01T17:11:02.457565Z,POST,113,201
2023-03-01T17:11:02.570851Z,POST,689,201
2023-03-01T17:11:03.260111Z,POST,117,201
2023-03-01T17:11:03.377390Z,POST,115,201
2023-03-01T17:10:59.488910Z,POST,999,201
2023-03-01T17:11:00.488527Z,POST,820,201
2023-03-01T17:11:01.308871Z,POST,117,201
2023-03-01T17:11:01.426320Z,POST,913,201
2023-03-01T17:11:02.339870Z,POST,117,201
2023-03-01T17:11:02.457583Z,POST,113,201
2023-03-01T17:11:02.570786Z,POST,688,201
2023-03-01T17:11:03.259639Z,POST,96,201
2023-03-01T17:11:03.355793Z,POST,107,201
2023-03-01T17:11:03.462908Z,POST,108,201
2023-03-01T17:10:59.489709Z,POST,1011,201
2023-03-01T17:11:00.500839Z,POST,807,201
2023-03-01T17:11:01.308085Z,POST,200,201
2023-03-01T17:11:01.508581Z,POST,830,201
2023-03-01T17:11:02.339382Z,POST,100,201
2023-03-01T17:11:02.440171Z,POST,105,201
2023-03-01T17:11:02.545707Z,POST,94,201
2023-03-01T17:11:02.640399Z,POST,620,201
2023-03-01T17:11:03.260620Z,POST,116,201
2023-03-01T17:11:03.376972Z,POST,115,201
2023-03-01T17:10:59.490102Z,POST,977,201
2023-03-01T17:11:00.467951Z,POST,841,201
2023-03-01T17:11:01.309655Z,POST,101,201
2023-03-01T17:11:01.411629Z,POST,110,201
2023-03-01T17:11:01.522365Z,POST,819,201
2023-03-01T17:11:02.341940Z,POST,108,201
2023-03-01T17:11:02.450127Z,POST,111,201
2023-03-01T17:11:02.561900Z,POST,698,201
2023-03-01T17:11:03.260629Z,POST,101,201
2023-03-01T17:11:03.361735Z,POST,103,201
