2023-03-18T04:02:48.443702Z,POST,208,201
2023-03-18T04:02:48.652934Z,POST,1038,201
2023-03-18T04:02:49.691857Z,POST,149,201
2023-03-18T04:02:49.841793Z,POST,876,201
2023-03-18T04:02:50.718558Z,POST,111,201
2023-03-18T04:02:50.829711Z,POST,911,201
2023-03-18T04:02:51.741550Z,POST,142,201
2023-03-18T04:02:51.884017Z,POST,919,201
2023-03-18T04:02:52.803656Z,POST,128,201
2023-03-18T04:02:52.931847Z,POST,791,201
2023-03-18T04:02:48.443745Z,POST,204,201
2023-03-18T04:02:48.648480Z,POST,111,201
2023-03-18T04:02:48.759934Z,POST,943,201
2023-03-18T04:02:49.703689Z,POST,137,201
2023-03-18T04:02:49.841233Z,POST,886,201
2023-03-18T04:02:50.727787Z,POST,142,201
2023-03-18T04:02:50.870665Z,POST,886,201
2023-03-18T04:02:51.757672Z,POST,112,201
2023-03-18T04:02:51.869958Z,POST,943,201
2023-03-18T04:02:52.813661Z,POST,137,201
2023-03-18T04:02:48.443845Z,POST,211,201
2023-03-18T04:02:48.654966Z,POST,115,201
2023-03-18T04:02:48.770591Z,POST,925,201
2023-03-18T04:02:49.696563Z,POST,135,201
2023-03-18T04:02:49.831912Z,POST,906,201
2023-03-18T04:02:50.738033Z,POST,130,201
2023-03-18T04:02:50.868320Z,POST,878,201
2023-03-18T04:02:51.746694Z,POST,133,201
2023-03-18T04:02:51.879886Z,POST,929,201
2023-03-18T04:02:52.809439Z,POST,143,201
2023-03-18T04:02:48.443855Z,POST,198,201
2023-03-18T04:02:48.642336Z,POST,104,201
2023-03-18T04:02:48.746561Z,POST,945,201
2023-03-18T04:02:49.691997Z,POST,111,201
2023-03-18T04:02:49.803252Z,POST,106,201
2023-03-18T04:02:49.909639Z,POST,818,201
2023-03-18T04:02:50.728375Z,POST,135,201
2023-03-18T04:02:50.863649Z,POST,893,201
2023-03-18T04:02:51.757340Z,POST,112,201
2023-03-18T04:02:51.869385Z,POST,955,201
2023-03-18T04:02:48.443844Z,POST,223,201
2023-03-18T04:02:48.667493Z,POST,1028,201
2023-03-18T04:02:49.695847Z,POST,142,201
2023-03-18T04:02:49.838638Z,POST,879,201
2023-03-18T04:02:50.718291Z,POST,132,201
2023-03-18T04:02:50.851070Z,POST,890,201
2023-03-18T04:02:51.741748Z,POST,139,201
2023-03-18T04:02:51.881196Z,POST,931,201
2023-03-18T04:02:52.813027Z,POST,140,201
2023-03-18T04:02:52.954032Z,POST,764,201
2023-03-18T04:02:48.444004Z,POST,209,201
2023-03-18T04:02:48.653572Z,POST,120,201
2023-03-18T04:02:48.773942Z,POST,922,201
2023-03-18T04:02:49.696141Z,POST,151,201
2023-03-18T04:02:49.847793Z,POST,884,201
2023-03-18T04:02:50.732216Z,POST,134,201
2023-03-18T04:02:50.866467Z,POST,883,201
2023-03-18T04:02:51.749746Z,POST,114,201
2023-03-18T04:02:51.864532Z,POST,960,201
2023-03-18T04:02:52.825265Z,POST,125,201
2023-03-18T04:02:48.444061Z,POST,209,201
2023-03-18T04:02:48.653211Z,POST,119,201
2023-03-18T04:02:48.773133Z,POST,918,201
2023-03-18T04:02:49.691492Z,POST,146,201
2023-03-18T04:02:49.837661Z,POST,880,201
2023-03-18T04:02:50.717709Z,POST,138,201
2023-03-18T04:02:50.856210Z,POST,900,201
2023-03-18T04:02:51.756738Z,POST,113,201
2023-03-18T04:02:51.870134Z,POST,935,201
2023-03-18T04:02:52.805646Z,POST,127,201
2023-03-18T04:02:48.444228Z,POST,186,201
2023-03-18T04:02:48.630691Z,POST,109,201
2023-03-18T04:02:48.740178Z,POST,961,201
2023-03-18T04:02:49.701544Z,POST,131,201
2023-03-18T04:02:49.832809Z,POST,893,201
2023-03-18T04:02:50.726568Z,POST,124,201
2023-03-18T04:02:50.851129Z,POST,899,201
2023-03-18T04:02:51.750577Z,POST,120,201
2023-03-18T04:02:51.870629Z,POST,938,201
2023-03-18T04:02:52.808846Z,POST,142,201
2023-03-18T04:02:48.444396Z,POST,197,201
2023-03-18T04:02:48.642305Z,POST,106,201
2023-03-18T04:02:48.748541Z,POST,955,201
2023-03-18T04:02:49.703848Z,POST,131,201
2023-03-18T04:02:49.835059Z,POST,894,201
2023-03-18T04:02:50.729220Z,POST,110,201
2023-03-18T04:02:50.839737Z,POST,896,201
2023-03-18T04:02:51.736511Z,POST,128,201
2023-03-18T04:02:51.864535Z,POST,942,201
2023-03-18T04:02:52.807505Z,POST,125,201
2023-03-18T04:02:48.444560Z,POST,198,201
2023-03-18T04:02:48.642596Z,POST,107,201
2023-03-18T04:02:48.749761Z,POST,951,201
2023-03-18T04:02:49.700994Z,POST,136,201
2023-03-18T04:02:49.837043Z,POST,880,201
2023-03-18T04:02:50.717770Z,POST,135,201
2023-03-18T04:02:50.852855Z,POST,888,201
2023-03-18T04:02:51.741398Z,POST,131,201
2023-03-18T04:02:51.872724Z,POST,941,201
2023-03-18T04:02:52.814446Z,POST,139,201
2023-03-18T04:02:48.446382Z,POST,224,201
2023-03-18T04:02:48.670562Z,POST,1035,201
2023-03-18T04:02:49.705883Z,POST,126,201
2023-03-18T04:02:49.832802Z,POST,893,201
2023-03-18T04:02:50.726581Z,POST,128,201
2023-03-18T04:02:50.855347Z,POST,909,201
2023-03-18T04:02:51.765127Z,POST,107,201
2023-03-18T04:02:51.873050Z,POST,951,201
2023-03-18T04:02:52.824828Z,POST,112,201
2023-03-18T04:02:52.937487Z,POST,785,201
2023-03-18T04:02:48.449239Z,POST,192,201
2023-03-18T04:02:48.641828Z,POST,115,201
2023-03-18T04:02:48.756913Z,POST,939,201
2023-03-18T04:02:49.695976Z,POST,153,201
2023-03-18T04:02:49.849830Z,POST,880,201
2023-03-18T04:02:50.730816Z,POST,126,201
2023-03-18T04:02:50.857647Z,POST,889,201
2023-03-18T04:02:51.746731Z,POST,133,201
2023-03-18T04:02:51.880601Z,POST,932,201
2023-03-18T04:02:52.812709Z,POST,124,201
2023-03-18T04:02:48.451332Z,POST,204,201
2023-03-18T04:02:48.655853Z,POST,117,201
2023-03-18T04:02:48.773636Z,POST,917,201
2023-03-18T04:02:49.691594Z,POST,140,201
2023-03-18T04:02:49.832427Z,POST,893,201
2023-03-18T04:02:50.726239Z,POST,130,201
2023-03-18T04:02:50.856360Z,POST,899,201
2023-03-18T04:02:51.755882Z,POST,115,201
2023-03-18T04:02:51.871582Z,POST,938,201
2023-03-18T04:02:52.810480Z,POST,125,201
2023-03-18T04:02:48.452291Z,POST,216,201
2023-03-18T04:02:48.669019Z,POST,1023,201
2023-03-18T04:02:49.693024Z,POST,146,201
2023-03-18T04:02:49.839286Z,POST,887,201
2023-03-18T04:02:50.726930Z,POST,113,201
2023-03-18T04:02:50.840760Z,POST,913,201
2023-03-18T04:02:51.754946Z,POST,113,201
2023-03-18T04:02:51.868118Z,POST,933,201
2023-03-18T04:02:52.801530Z,POST,133,201
2023-03-18T04:02:52.935420Z,POST,783,201
2023-03-18T04:02:48.453076Z,POST,201,201
2023-03-18T04:02:48.654267Z,POST,118,201
2023-03-18T04:02:48.773243Z,POST,921,201
2023-03-18T04:02:49.695269Z,POST,148,201
2023-03-18T04:02:49.843505Z,POST,895,201
2023-03-18T04:02:50.739263Z,POST,134,201
2023-03-18T04:02:50.873450Z,POST,862,201
2023-03-18T04:02:51.736346Z,POST,145,201
2023-03-18T04:02:51.881859Z,POST,924,201
2023-03-18T04:02:52.806136Z,POST,114,201
2023-03-18T04:02:48.453406Z,POST,188,201
2023-03-18T04:02:48.641902Z,POST,103,201
2023-03-18T04:02:48.745783Z,POST,950,201
2023-03-18T04:02:49.696274Z,POST,121,201
2023-03-18T04:02:49.817722Z,POST,915,201
2023-03-18T04:02:50.733073Z,POST,134,201
2023-03-18T04:02:50.867696Z,POST,878,201
2023-03-18T04:02:51.746526Z,POST,124,201
2023-03-18T04:02:51.871427Z,POST,934,201
2023-03-18T04:02:52.805987Z,POST,144,201
2023-03-18T04:02:48.455050Z,POST,200,201
2023-03-18T04:02:48.655253Z,POST,117,201
2023-03-18T04:02:48.773088Z,POST,931,201
2023-03-18T04:02:49.704361Z,POST,133,201
2023-03-18T04:02:49.837902Z,POST,890,201
2023-03-18T04:02:50.728447Z,POST,122,201
2023-03-18T04:02:50.851189Z,POST,905,201
2023-03-18T04:02:51.756809Z,POST,126,201
2023-03-18T04:02:51.883470Z,POST,918,201
2023-03-18T04:02:52.801674Z,POST,130,201
2023-03-18T04:02:48.455214Z,POST,192,201
2023-03-18T04:02:48.647718Z,POST,109,201
2023-03-18T04:02:48.756801Z,POST,954,201
2023-03-18T04:02:49.711908Z,POST,128,201
2023-03-18T04:02:49.840135Z,POST,877,201
2023-03-18T04:02:50.718092Z,POST,101,201
2023-03-18T04:02:50.819556Z,POST,104,201
2023-03-18T04:02:50.924589Z,POST,832,201
2023-03-18T04:02:51.757231Z,POST,125,201
2023-03-18T04:02:51.882574Z,POST,918,201
2023-03-18T04:02:48.456174Z,POST,218,201
2023-03-18T04:02:48.674704Z,POST,1029,201
2023-03-18T04:02:49.704384Z,POST,137,201
2023-03-18T04:02:49.842048Z,POST,897,201
2023-03-18T04:02:50.739603Z,POST,122,201
2023-03-18T04:02:50.862398Z,POST,891,201
2023-03-18T04:02:51.753786Z,POST,118,201
2023-03-18T04:02:51.872179Z,POST,929,201
2023-03-18T04:02:52.801861Z,POST,119,201
2023-03-18T04:02:52.921125Z,POST,802,201
2023-03-18T04:02:48.456904Z,POST,204,201
2023-03-18T04:02:48.661854Z,POST,1030,201
2023-03-18T04:02:49.691910Z,POST,143,201
2023-03-18T04:02:49.834944Z,POST,894,201
2023-03-18T04:02:50.729033Z,POST,111,201
2023-03-18T04:02:50.840114Z,POST,910,201
2023-03-18T04:02:51.750808Z,POST,133,201
2023-03-18T04:02:51.884265Z,POST,919,201
2023-03-18T04:02:52.803406Z,POST,147,201
2023-03-18T04:02:52.951042Z,POST,773,201
2023-03-18T04:02:48.457602Z,POST,204,201
2023-03-18T04:02:48.661995Z,POST,1030,201
2023-03-18T04:02:49.692270Z,POST,126,201
2023-03-18T04:02:49.818409Z,POST,903,201
2023-03-18T04:02:50.721916Z,POST,120,201
2023-03-18T04:02:50.842721Z,POST,908,201
2023-03-18T04:02:51.751258Z,POST,132,201
2023-03-18T04:02:51.883445Z,POST,930,201
2023-03-18T04:02:52.813675Z,POST,138,201
2023-03-18T04:02:52.952139Z,POST,765,201
2023-03-18T04:02:48.458281Z,POST,216,201
2023-03-18T04:02:48.676729Z,POST,1014,201
2023-03-18T04:02:49.691142Z,POST,146,201
2023-03-18T04:02:49.837244Z,POST,885,201
2023-03-18T04:02:50.722711Z,POST,140,201
2023-03-18T04:02:50.863549Z,POST,879,201
2023-03-18T04:02:51.742604Z,POST,137,201
2023-03-18T04:02:51.880194Z,POST,944,201
2023-03-18T04:02:52.825094Z,POST,117,201
2023-03-18T04:02:52.942568Z,POST,779,201
2023-03-18T04:02:48.458535Z,POST,216,201
2023-03-18T04:02:48.674818Z,POST,1034,201
2023-03-18T04:02:49.709812Z,POST,130,201
2023-03-18T04:02:49.840161Z,POST,880,201
2023-03-18T04:02:50.720734Z,POST,113,201
2023-03-18T04:02:50.834793Z,POST,901,201
2023-03-18T04:02:51.736171Z,POST,119,201
2023-03-18T04:02:51.855401Z,POST,950,201
2023-03-18T04:02:52.805596Z,POST,131,201
2023-03-18T04:02:52.936959Z,POST,787,201
2023-03-18T04:02:48.459254Z,POST,188,201
2023-03-18T04:02:48.647334Z,POST,109,201
2023-03-18T04:02:48.756801Z,POST,941,201
2023-03-18T04:02:49.698304Z,POST,120,201
2023-03-18T04:02:49.818714Z,POST,899,201
2023-03-18T04:02:50.718020Z,POST,123,201
2023-03-18T04:02:50.841459Z,POST,909,201
2023-03-18T04:02:51.751175Z,POST,135,201
2023-03-18T04:02:51.886817Z,POST,920,201
2023-03-18T04:02:52.807643Z,POST,126,201
2023-03-18T04:02:48.460016Z,POST,206,201
2023-03-18T04:02:48.666334Z,POST,1029,201
2023-03-18T04:02:49.695626Z,POST,136,201
2023-03-18T04:02:49.831915Z,POST,905,201
2023-03-18T04:02:50.737504Z,POST,123,201
2023-03-18T04:02:50.861549Z,POST,885,201
2023-03-18T04:02:51.747087Z,POST,123,201
2023-03-18T04:02:51.870428Z,POST,935,201
2023-03-18T04:02:52.805490Z,POST,115,201
2023-03-18T04:02:52.920976Z,POST,800,201
2023-03-18T04:02:48.460437Z,POST,192,201
2023-03-18T04:02:48.653213Z,POST,125,201
2023-03-18T04:02:48.778685Z,POST,913,201
2023-03-18T04:02:49.692548Z,POST,110,201
2023-03-18T04:02:49.803253Z,POST,105,201
2023-03-18T04:02:49.908840Z,POST,829,201
2023-03-18T04:02:50.738727Z,POST,127,201
2023-03-18T04:02:50.866461Z,POST,871,201
2023-03-18T04:02:51.737670Z,POST,129,201
2023-03-18T04:02:51.867991Z,POST,937,201
2023-03-18T04:02:48.460772Z,POST,214,201
2023-03-18T04:02:48.675072Z,POST,1020,201
2023-03-18T04:02:49.695526Z,POST,115,201
2023-03-18T04:02:49.811338Z,POST,910,201
2023-03-18T04:02:50.722189Z,POST,129,201
2023-03-18T04:02:50.851930Z,POST,895,201
2023-03-18T04:02:51.748207Z,POST,99,201
2023-03-18T04:02:51.847957Z,POST,103,201
2023-03-18T04:02:51.951306Z,POST,856,201
2023-03-18T04:02:52.807536Z,POST,147,201
2023-03-18T04:02:48.461816Z,POST,206,201
2023-03-18T04:02:48.667974Z,POST,1037,201
2023-03-18T04:02:49.705075Z,POST,132,201
2023-03-18T04:02:49.837839Z,POST,879,201
2023-03-18T04:02:50.717172Z,POST,103,201
2023-03-18T04:02:50.820977Z,POST,103,201
2023-03-18T04:02:50.924589Z,POST,811,201
2023-03-18T04:02:51.736566Z,POST,118,201
2023-03-18T04:02:51.855330Z,POST,101,201
2023-03-18T04:02:51.956401Z,POST,849,201
2023-03-18T04:02:48.462665Z,POST,204,201
2023-03-18T04:02:48.666815Z,POST,1024,201
2023-03-18T04:02:49.691103Z,POST,150,201
2023-03-18T04:02:49.841505Z,POST,880,201
2023-03-18T04:02:50.721641Z,POST,120,201
2023-03-18T04:02:50.842364Z,POST,904,201
2023-03-18T04:02:51.747061Z,POST,134,201
2023-03-18T04:02:51.881858Z,POST,924,201
2023-03-18T04:02:52.805987Z,POST,132,201
2023-03-18T04:02:52.938789Z,POST,783,201
2023-03-18T04:02:48.463821Z,POST,211,201
2023-03-18T04:02:48.675489Z,POST,1023,201
2023-03-18T04:02:49.699208Z,POST,150,201
2023-03-18T04:02:49.849309Z,POST,871,201
2023-03-18T04:02:50.721079Z,POST,132,201
2023-03-18T04:02:50.853476Z,POST,902,201
2023-03-18T04:02:51.755928Z,POST,130,201
2023-03-18T04:02:51.886450Z,POST,916,201
2023-03-18T04:02:52.803384Z,POST,129,201
2023-03-18T04:02:52.932677Z,POST,789,201
2023-03-18T04:02:48.464952Z,POST,188,201
2023-03-18T04:02:48.653912Z,POST,116,201
2023-03-18T04:02:48.770571Z,POST,925,201
2023-03-18T04:02:49.696433Z,POST,114,201
2023-03-18T04:02:49.811338Z,POST,910,201
2023-03-18T04:02:50.721371Z,POST,134,201
2023-03-18T04:02:50.855970Z,POST,894,201
2023-03-18T04:02:51.750238Z,POST,106,201
2023-03-18T04:02:51.857130Z,POST,948,201
2023-03-18T04:02:52.805195Z,POST,143,201
2023-03-18T04:02:48.465319Z,POST,187,201
2023-03-18T04:02:48.652710Z,POST,126,201
2023-03-18T04:02:48.778791Z,POST,912,201
2023-03-18T04:02:49.691103Z,POST,152,201
2023-03-18T04:02:49.843593Z,POST,878,201
2023-03-18T04:02:50.722453Z,POST,148,201
2023-03-18T04:02:50.870550Z,POST,876,201
2023-03-18T04:02:51.747068Z,POST,131,201
2023-03-18T04:02:51.878828Z,POST,922,201
2023-03-18T04:02:52.801671Z,POST,137,201
2023-03-18T04:02:52.827760Z,POST,123,201
2023-03-18T04:02:52.951444Z,POST,772,201
2023-03-18T04:02:53.723654Z,POST,172,201
2023-03-18T04:02:53.895786Z,POST,141,201
2023-03-18T04:02:54.037174Z,POST,676,201
2023-03-18T04:02:54.716262Z,POST,124,201
2023-03-18T04:02:54.841279Z,POST,117,201
2023-03-18T04:02:54.959211Z,POST,777,201
2023-03-18T04:02:55.736831Z,POST,137,201
2023-03-18T04:02:55.874133Z,POST,113,201
2023-03-18T04:02:52.834800Z,POST,113,201
2023-03-18T04:02:52.948325Z,POST,773,201
2023-03-18T04:02:53.722001Z,POST,160,201
2023-03-18T04:02:53.882217Z,POST,121,201
2023-03-18T04:02:54.003575Z,POST,707,201
2023-03-18T04:02:54.711291Z,POST,128,201
2023-03-18T04:02:54.839778Z,POST,103,201
2023-03-18T04:02:54.943112Z,POST,800,201
2023-03-18T04:02:55.744043Z,POST,126,201
2023-03-18T04:02:55.870563Z,POST,120,201
2023-03-18T04:02:52.835796Z,POST,122,201
2023-03-18T04:02:52.958826Z,POST,758,201
2023-03-18T04:02:53.717745Z,POST,165,201
2023-03-18T04:02:53.882946Z,POST,151,201
2023-03-18T04:02:54.034759Z,POST,678,201
2023-03-18T04:02:54.713578Z,POST,132,201
2023-03-18T04:02:54.845745Z,POST,113,201
2023-03-18T04:02:54.959265Z,POST,795,201
2023-03-18T04:02:55.755053Z,POST,112,201
2023-03-18T04:02:55.867431Z,POST,108,201
2023-03-18T04:02:55.975718Z,POST,672,201
2023-03-18T04:02:52.836311Z,POST,122,201
2023-03-18T04:02:52.958834Z,POST,764,201
2023-03-18T04:02:53.723793Z,POST,159,201
2023-03-18T04:02:53.883346Z,POST,154,201
2023-03-18T04:02:54.038281Z,POST,676,201
2023-03-18T04:02:54.715091Z,POST,120,201
2023-03-18T04:02:54.835727Z,POST,110,201
2023-03-18T04:02:54.945976Z,POST,797,201
2023-03-18T04:02:55.743620Z,POST,123,201
2023-03-18T04:02:55.867454Z,POST,117,201
2023-03-18T04:02:52.836865Z,POST,880,201
2023-03-18T04:02:53.717548Z,POST,165,201
2023-03-18T04:02:53.882939Z,POST,153,201
2023-03-18T04:02:54.036861Z,POST,678,201
2023-03-18T04:02:54.715024Z,POST,122,201
2023-03-18T04:02:54.838059Z,POST,101,201
2023-03-18T04:02:54.939383Z,POST,123,201
2023-03-18T04:02:55.062701Z,POST,691,201
2023-03-18T04:02:55.754619Z,POST,115,201
2023-03-18T04:02:55.870610Z,POST,113,201
2023-03-18T04:02:52.837023Z,POST,115,201
2023-03-18T04:02:52.952607Z,POST,765,201
2023-03-18T04:02:53.718466Z,POST,175,201
2023-03-18T04:02:53.893786Z,POST,823,201
2023-03-18T04:02:54.716901Z,POST,111,201
2023-03-18T04:02:54.828110Z,POST,127,201
2023-03-18T04:02:54.955544Z,POST,799,201
2023-03-18T04:02:55.755316Z,POST,112,201
2023-03-18T04:02:55.867947Z,POST,129,201
2023-03-18T04:02:52.837221Z,POST,880,201
2023-03-18T04:02:53.717497Z,POST,165,201
2023-03-18T04:02:53.883283Z,POST,151,201
2023-03-18T04:02:54.034715Z,POST,683,201
2023-03-18T04:02:54.718428Z,POST,105,201
2023-03-18T04:02:54.824043Z,POST,131,201
2023-03-18T04:02:54.956047Z,POST,108,201
2023-03-18T04:02:55.064803Z,POST,671,201
2023-03-18T04:02:55.736673Z,POST,123,201
2023-03-18T04:02:55.859751Z,POST,106,201
2023-03-18T04:02:55.966450Z,POST,109,201
2023-03-18T04:02:52.837777Z,POST,887,201
2023-03-18T04:02:53.724848Z,POST,164,201
2023-03-18T04:02:53.889567Z,POST,145,201
2023-03-18T04:02:54.034694Z,POST,679,201
2023-03-18T04:02:54.714085Z,POST,104,201
2023-03-18T04:02:54.818372Z,POST,133,201
2023-03-18T04:02:54.951929Z,POST,114,201
2023-03-18T04:02:55.066603Z,POST,681,201
2023-03-18T04:02:55.747767Z,POST,110,201
2023-03-18T04:02:55.858149Z,POST,108,201
2023-03-18T04:02:55.967044Z,POST,109,201
2023-03-18T04:02:52.838105Z,POST,884,201
2023-03-18T04:02:53.723126Z,POST,158,201
2023-03-18T04:02:53.881189Z,POST,156,201
2023-03-18T04:02:54.038018Z,POST,677,201
2023-03-18T04:02:54.715055Z,POST,119,201
2023-03-18T04:02:54.834634Z,POST,123,201
2023-03-18T04:02:54.958035Z,POST,785,201
2023-03-18T04:02:55.743575Z,POST,123,201
2023-03-18T04:02:55.867538Z,POST,106,201
2023-03-18T04:02:55.973964Z,POST,674,201
2023-03-18T04:02:52.838400Z,POST,885,201
2023-03-18T04:02:53.723587Z,POST,159,201
2023-03-18T04:02:53.883027Z,POST,155,201
2023-03-18T04:02:54.038161Z,POST,676,201
2023-03-18T04:02:54.714696Z,POST,113,201
2023-03-18T04:02:54.828112Z,POST,103,201
2023-03-18T04:02:54.931374Z,POST,115,201
2023-03-18T04:02:55.047378Z,POST,699,201
2023-03-18T04:02:55.747374Z,POST,110,201
2023-03-18T04:02:55.857538Z,POST,109,201
2023-03-18T04:02:55.967044Z,POST,109,201
2023-03-18T04:02:52.838970Z,POST,881,201
2023-03-18T04:02:53.720627Z,POST,162,201
2023-03-18T04:02:53.883019Z,POST,154,201
2023-03-18T04:02:54.037993Z,POST,672,201
2023-03-18T04:02:54.710986Z,POST,131,201
2023-03-18T04:02:54.842273Z,POST,116,201
2023-03-18T04:02:54.959211Z,POST,776,201
2023-03-18T04:02:55.735308Z,POST,138,201
2023-03-18T04:02:55.874094Z,POST,123,201
2023-03-18T04:02:52.839983Z,POST,122,201
2023-03-18T04:02:52.962203Z,POST,760,201
2023-03-18T04:02:53.722664Z,POST,171,201
2023-03-18T04:02:53.893786Z,POST,141,201
2023-03-18T04:02:54.034968Z,POST,679,201
2023-03-18T04:02:54.719472Z,POST,115,201
2023-03-18T04:02:54.835082Z,POST,120,201
2023-03-18T04:02:54.955544Z,POST,796,201
2023-03-18T04:02:55.752173Z,POST,117,201
2023-03-18T04:02:55.869240Z,POST,107,201
2023-03-18T04:02:55.977223Z,POST,670,201
2023-03-18T04:02:52.840396Z,POST,881,201
2023-03-18T04:02:53.722257Z,POST,158,201
2023-03-18T04:02:53.880631Z,POST,122,201
2023-03-18T04:02:54.003423Z,POST,709,201
2023-03-18T04:02:54.712910Z,POST,120,201
2023-03-18T04:02:54.833599Z,POST,125,201
2023-03-18T04:02:54.959242Z,POST,775,201
2023-03-18T04:02:55.735300Z,POST,122,201
2023-03-18T04:02:55.857506Z,POST,110,201
2023-03-18T04:02:55.967897Z,POST,108,201
2023-03-18T04:02:52.841981Z,POST,877,201
2023-03-18T04:02:53.719233Z,POST,163,201
2023-03-18T04:02:53.882449Z,POST,145,201
2023-03-18T04:02:54.027704Z,POST,687,201
2023-03-18T04:02:54.715034Z,POST,118,201
2023-03-18T04:02:54.833121Z,POST,128,201
2023-03-18T04:02:54.961195Z,POST,789,201
2023-03-18T04:02:55.751125Z,POST,103,201
2023-03-18T04:02:55.855112Z,POST,107,201
2023-03-18T04:02:55.962752Z,POST,113,201
2023-03-18T04:02:52.842834Z,POST,881,201
2023-03-18T04:02:53.724267Z,POST,158,201
2023-03-18T04:02:53.882975Z,POST,154,201
2023-03-18T04:02:54.037964Z,POST,672,201
2023-03-18T04:02:54.711012Z,POST,134,201
2023-03-18T04:02:54.845328Z,POST,106,201
2023-03-18T04:02:54.952103Z,POST,798,201
2023-03-18T04:02:55.750998Z,POST,124,201
2023-03-18T04:02:55.875661Z,POST,122,201
2023-03-18T04:02:52.848751Z,POST,868,201
2023-03-18T04:02:53.717286Z,POST,165,201
2023-03-18T04:02:53.882447Z,POST,120,201
2023-03-18T04:02:54.002665Z,POST,714,201
2023-03-18T04:02:54.716727Z,POST,128,201
2023-03-18T04:02:54.844769Z,POST,109,201
2023-03-18T04:02:54.954695Z,POST,797,201
2023-03-18T04:02:55.751807Z,POST,117,201
2023-03-18T04:02:55.869759Z,POST,127,201
2023-03-18T04:02:52.848976Z,POST,871,201
2023-03-18T04:02:53.720469Z,POST,162,201
2023-03-18T04:02:53.883068Z,POST,154,201
2023-03-18T04:02:54.037960Z,POST,677,201
2023-03-18T04:02:54.715066Z,POST,129,201
2023-03-18T04:02:54.844618Z,POST,114,201
2023-03-18T04:02:54.959344Z,POST,788,201
2023-03-18T04:02:55.748127Z,POST,126,201
2023-03-18T04:02:55.874173Z,POST,123,201
2023-03-18T04:02:52.850659Z,POST,868,201
2023-03-18T04:02:53.719680Z,POST,129,201
2023-03-18T04:02:53.849625Z,POST,116,201
2023-03-18T04:02:53.966142Z,POST,748,201
2023-03-18T04:02:54.714389Z,POST,113,201
2023-03-18T04:02:54.828110Z,POST,103,201
2023-03-18T04:02:54.931425Z,POST,115,201
2023-03-18T04:02:55.047214Z,POST,695,201
2023-03-18T04:02:55.742673Z,POST,126,201
2023-03-18T04:02:55.869612Z,POST,113,201
